user_id,amount,location,timestamp,prediction
9894,5853.04,LDN,2025-08-19T16:43:45.581784,0
7209,6491.05,LDN,2025-08-19T16:43:46.083221,0
6857,8638.32,DEL,2025-08-19T16:43:46.584446,0
4723,3451.05,LDN,2025-08-19T16:43:47.086421,0
2227,1059.43,SG,2025-08-19T16:43:47.588471,0
6736,1092.21,DEL,2025-08-19T16:43:48.089537,0
3864,1764.48,DEL,2025-08-19T16:43:48.591200,0
4583,50.07,DXB,2025-08-19T16:43:49.091881,0
6235,583.59,NY,2025-08-19T16:43:49.593658,0
7569,215.05,NY,2025-08-19T16:43:50.094556,0
2300,419.13,NY,2025-08-19T16:43:50.596067,0
1731,70.09,DXB,2025-08-19T16:43:51.097240,0
2156,3455.11,SG,2025-08-19T16:43:51.597748,0
6480,3440.26,LDN,2025-08-19T16:43:52.098918,0
2008,4761.84,NY,2025-08-19T16:43:52.599966,0
9794,326.31,DEL,2025-08-19T16:43:53.100938,0
4613,5841.0,NY,2025-08-19T16:43:53.603123,0
4698,1059.94,LDN,2025-08-19T16:43:54.104894,0
9938,5752.67,DXB,2025-08-19T16:43:54.605842,0
2813,4019.92,DXB,2025-08-19T16:43:55.106881,0
4280,4715.82,DEL,2025-08-19T16:43:55.608623,0
7364,1217.88,DEL,2025-08-19T16:43:56.109812,0
3263,5351.05,SG,2025-08-19T16:43:56.611885,0
8444,9599.53,DXB,2025-08-19T16:43:57.113053,0
1658,5826.28,DEL,2025-08-19T16:43:57.614436,0
2879,8792.57,DXB,2025-08-19T16:43:58.115194,0
3583,9055.14,DEL,2025-08-19T16:43:58.616404,0
4526,192.31,SG,2025-08-19T16:45:59.357903,0
8517,4063.4,NY,2025-08-19T16:45:59.865554,0
2375,1544.55,DXB,2025-08-19T16:46:00.367277,0
1836,6670.46,SG,2025-08-19T16:46:00.869206,0
5768,9931.43,SG,2025-08-19T16:46:01.370237,0
6126,5040.12,LDN,2025-08-19T16:46:01.871151,0
5938,2803.89,DXB,2025-08-19T16:46:02.372842,0
3242,2030.83,DXB,2025-08-19T16:46:02.874482,0
3195,1518.38,DXB,2025-08-19T16:46:03.376312,0
9878,8906.23,DXB,2025-08-19T16:46:03.877941,0
9009,8164.77,LDN,2025-08-19T16:46:04.378638,0
4128,8197.85,NY,2025-08-19T16:46:04.880363,0
8529,6171.23,DEL,2025-08-19T16:46:05.382327,0
9694,2903.12,DXB,2025-08-19T16:46:05.883525,0
5563,8671.15,DEL,2025-08-19T16:46:06.384823,0
8714,4018.93,DEL,2025-08-19T16:46:06.885979,0
3226,3233.01,DEL,2025-08-19T16:46:07.386974,0
7724,7782.88,DXB,2025-08-19T16:46:07.888133,0
9245,8519.0,LDN,2025-08-19T16:46:08.389974,0
4209,5878.87,SG,2025-08-19T16:46:08.891544,0
8190,6270.34,LDN,2025-08-19T16:46:09.392878,0
7197,5319.06,DEL,2025-08-19T16:46:09.893806,0
8581,1491.46,SG,2025-08-19T16:46:10.394704,0
8221,3814.37,DEL,2025-08-19T16:46:10.895432,0
6147,8331.79,SG,2025-08-19T16:46:11.396371,0
5864,7639.65,DXB,2025-08-19T16:46:11.897767,0
7434,8214.06,LDN,2025-08-19T16:46:12.399274,0
2326,6854.69,NY,2025-08-19T16:46:12.900471,0
3522,3928.46,SG,2025-08-19T16:46:13.402288,0
8341,7745.71,DXB,2025-08-19T16:46:13.903083,0
3542,139.28,SG,2025-08-19T16:46:14.404979,0
7035,1427.13,DEL,2025-08-19T16:46:14.906519,0
3146,3733.23,NY,2025-08-19T16:46:15.407771,0
2939,6328.04,DXB,2025-08-19T16:46:15.909019,0
1903,3551.75,DEL,2025-08-19T16:46:16.409992,0
6685,5390.86,NY,2025-08-19T16:46:16.910841,0
3256,6306.11,LDN,2025-08-19T16:46:17.412574,0
9498,9661.15,SG,2025-08-19T16:46:17.913990,0
3770,6904.1,SG,2025-08-19T16:46:18.416675,0
7424,8281.41,NY,2025-08-19T16:46:18.918225,0
4775,2953.49,DEL,2025-08-19T16:46:19.422300,0
4281,771.68,NY,2025-08-19T16:46:19.923444,0
5975,5592.18,SG,2025-08-19T16:46:20.424336,0
6498,1044.82,DEL,2025-08-19T16:46:20.925067,0
4554,6582.88,LDN,2025-08-19T16:46:21.426550,0
1454,10.72,LDN,2025-08-19T16:46:21.927648,1
1480,7615.27,SG,2025-08-19T16:46:22.428580,0
6378,5414.73,DXB,2025-08-19T16:46:22.929531,0
7315,1052.95,DEL,2025-08-19T16:46:23.430493,0
6673,6678.39,SG,2025-08-19T16:46:23.931754,0
9311,8771.72,SG,2025-08-19T16:46:24.433130,0
7042,1222.9,LDN,2025-08-19T16:46:24.934521,0
3290,2137.13,SG,2025-08-19T16:46:25.435540,0
6686,427.35,LDN,2025-08-19T16:46:25.936629,0
7219,8914.76,NY,2025-08-19T16:46:26.437813,0
1218,185.51,SG,2025-08-19T16:46:26.938889,0
5345,9118.09,DEL,2025-08-19T16:46:27.440148,0
9228,7180.9,SG,2025-08-19T16:46:27.941442,0
1823,6308.96,DEL,2025-08-19T16:46:28.442913,0
5528,6430.82,DXB,2025-08-19T16:46:28.944201,0
4162,7406.6,SG,2025-08-19T16:46:29.445320,0
2987,3972.48,LDN,2025-08-19T16:46:29.947333,0
3963,3324.71,DEL,2025-08-19T16:46:30.449154,0
1274,3701.61,LDN,2025-08-19T16:46:30.950866,0
3514,1740.17,LDN,2025-08-19T16:46:31.452009,0
8788,6057.34,DXB,2025-08-19T16:46:31.953652,0
5603,5116.59,DXB,2025-08-19T16:46:32.455120,0
9794,7587.23,LDN,2025-08-19T16:46:32.956410,0
9310,1700.89,LDN,2025-08-19T16:46:33.457293,0
5002,5807.04,NY,2025-08-19T16:46:33.959028,0
1514,3101.28,SG,2025-08-19T16:46:34.460499,0
3650,2435.96,NY,2025-08-19T16:46:34.962305,0
7024,1276.4,LDN,2025-08-19T16:46:35.463341,0
3478,5637.5,DEL,2025-08-19T16:46:35.964796,0
9137,5535.65,DEL,2025-08-19T16:46:36.465773,0
8223,3543.85,SG,2025-08-19T16:46:36.967021,0
5675,7190.89,DEL,2025-08-19T16:46:37.467921,0
6949,2218.27,DEL,2025-08-19T16:46:37.969024,0
1792,6392.85,DXB,2025-08-19T16:46:38.470110,0
7813,7889.71,DEL,2025-08-19T16:46:38.971675,0
6225,5902.62,DXB,2025-08-19T16:46:39.472711,0
1271,5136.89,LDN,2025-08-19T16:46:39.974239,0
9818,7610.08,LDN,2025-08-19T16:46:40.475676,0
5541,9617.76,DXB,2025-08-19T16:46:40.977479,0
3497,9137.19,DEL,2025-08-19T16:46:41.478849,0
1615,8544.53,SG,2025-08-19T16:46:41.979547,0
8029,1460.16,DXB,2025-08-19T16:46:42.480661,0
9326,4848.78,LDN,2025-08-19T16:46:42.981839,0
8458,5469.49,SG,2025-08-19T16:46:43.483177,0
9299,3457.08,LDN,2025-08-19T16:46:43.984516,0
1860,8251.36,NY,2025-08-19T16:46:44.486434,0
4746,3855.47,DEL,2025-08-19T16:46:44.987907,0
9758,9372.22,DEL,2025-08-19T16:46:45.488982,0
3750,712.11,LDN,2025-08-19T16:46:45.990463,0
5558,313.79,DXB,2025-08-19T16:46:46.492093,0
4909,3690.08,LDN,2025-08-19T16:46:46.993307,0
3044,2505.78,SG,2025-08-19T16:46:47.494200,0
5175,3214.52,SG,2025-08-19T16:46:47.996065,0
4617,1740.55,DEL,2025-08-19T16:46:48.497313,0
3889,5635.57,LDN,2025-08-19T16:46:48.998390,0
1761,3841.46,SG,2025-08-19T16:46:49.499353,0
7862,7577.66,LDN,2025-08-19T16:46:50.001129,0
2031,5274.41,NY,2025-08-19T16:46:50.502518,0
9084,4490.94,DXB,2025-08-19T16:46:51.004433,0
2593,8261.81,DXB,2025-08-19T16:46:51.506062,0
7869,2370.44,SG,2025-08-19T16:46:52.007844,0
9702,8062.33,DEL,2025-08-19T16:46:52.509587,0
2858,7615.9,DXB,2025-08-19T16:46:53.011136,0
4410,693.9,LDN,2025-08-19T16:46:53.512145,0
2741,9950.11,LDN,2025-08-19T16:46:54.013675,0
6121,8347.81,DEL,2025-08-19T16:46:54.515078,0
9024,1982.85,SG,2025-08-19T16:46:55.016681,0
2483,6512.85,LDN,2025-08-19T16:46:55.518527,0
5336,7177.48,DEL,2025-08-19T16:46:56.020058,0
7916,4916.25,DEL,2025-08-19T16:46:56.521317,0
5262,7479.09,NY,2025-08-19T16:46:57.023441,0
7252,4999.73,NY,2025-08-19T16:46:57.525116,0
7298,6370.08,DEL,2025-08-19T16:46:58.027661,0
3881,6252.47,NY,2025-08-19T16:46:58.529111,0
6721,5632.51,LDN,2025-08-19T16:46:59.030143,0
9491,5643.77,DEL,2025-08-19T16:46:59.531275,0
7608,8409.62,DEL,2025-08-19T16:47:00.033222,0
7591,7514.27,NY,2025-08-19T16:47:00.534331,0
8488,8179.92,SG,2025-08-19T16:47:01.036261,0
2832,8366.92,NY,2025-08-19T16:47:01.537583,0
4484,4526.68,DXB,2025-08-19T16:47:02.039378,0
2982,821.99,DEL,2025-08-19T16:47:02.540481,0
7765,2886.71,NY,2025-08-19T16:47:03.042066,0
7591,1424.1,DEL,2025-08-19T16:47:03.543679,0
3848,7173.72,NY,2025-08-19T16:47:04.045035,0
3733,8974.45,NY,2025-08-19T16:47:04.547252,0
4840,7198.62,DXB,2025-08-19T16:47:05.049145,0
5162,4198.61,NY,2025-08-19T16:47:05.550128,0
8731,4026.21,NY,2025-08-19T16:47:06.051770,0
2457,4327.49,SG,2025-08-19T16:47:06.553531,0
5210,142.26,LDN,2025-08-19T16:47:07.054741,0
8058,9331.69,LDN,2025-08-19T16:47:07.556642,0
9520,263.71,DXB,2025-08-19T16:47:08.058189,0
5289,6487.92,LDN,2025-08-19T16:47:08.559798,0
7027,1376.02,SG,2025-08-19T16:47:09.061269,0
9195,1289.42,LDN,2025-08-19T16:47:09.562489,0
7784,6243.39,LDN,2025-08-19T16:47:10.064230,0
8138,1693.83,DEL,2025-08-19T16:47:10.565753,0
3237,7361.11,SG,2025-08-19T16:47:11.067430,0
5246,4277.17,SG,2025-08-19T16:47:11.568424,0
7223,9026.79,DEL,2025-08-19T16:47:12.070211,0
4182,1828.54,DXB,2025-08-19T16:47:12.572646,0
5146,2784.7,LDN,2025-08-19T16:47:13.073921,0
3954,1184.18,NY,2025-08-19T16:47:13.575335,0
6000,2197.78,DEL,2025-08-19T16:47:14.076357,0
2987,8922.13,NY,2025-08-19T16:47:14.577291,0
8570,9538.89,DEL,2025-08-19T16:47:15.078810,0
3448,6421.06,DEL,2025-08-19T16:47:15.580632,0
8640,9939.94,DXB,2025-08-19T16:47:16.081408,0
7064,7752.03,LDN,2025-08-19T16:47:16.582586,0
2157,9380.12,SG,2025-08-19T16:47:17.084666,0
1057,6268.12,NY,2025-08-19T16:47:17.585504,0
6245,654.57,LDN,2025-08-19T16:47:18.087018,0
2454,5685.79,LDN,2025-08-19T16:47:18.588178,0
6853,9154.41,SG,2025-08-19T16:47:19.089988,0
5881,9981.67,DEL,2025-08-19T16:47:19.591350,0
5151,7670.77,NY,2025-08-19T16:47:20.092406,0
1148,9589.73,LDN,2025-08-19T16:47:20.593220,0
7350,8266.24,LDN,2025-08-19T16:47:21.095036,0
8694,77.33,DEL,2025-08-19T16:47:21.596493,0
9346,1823.3,LDN,2025-08-19T16:47:22.097949,0
9784,6531.73,NY,2025-08-19T16:47:22.598914,0
3561,935.83,NY,2025-08-19T16:47:23.100165,0
4343,1991.19,LDN,2025-08-19T16:47:23.601552,0
2385,9339.23,SG,2025-08-19T16:47:24.102776,0
3916,6634.75,DEL,2025-08-19T16:47:24.603856,0
3320,334.95,DXB,2025-08-19T16:47:25.104731,0
7978,6087.91,DXB,2025-08-19T16:47:25.605727,0
5213,5995.66,NY,2025-08-19T16:47:26.107414,0
8434,9653.8,DEL,2025-08-19T16:47:26.609162,0
6547,3702.95,DEL,2025-08-19T16:47:27.110147,0
4741,5794.71,LDN,2025-08-19T16:47:27.612296,0
1998,8188.38,NY,2025-08-19T16:47:28.113845,0
4407,570.51,DEL,2025-08-19T16:47:28.614949,0
7888,4104.23,SG,2025-08-19T16:47:29.115684,0
1555,2860.04,DEL,2025-08-19T16:47:29.616908,0
2224,2041.33,LDN,2025-08-19T16:47:30.118623,0
4441,7626.84,NY,2025-08-19T16:47:30.619480,0
2904,8255.55,NY,2025-08-19T16:47:31.121541,0
7258,5680.68,DXB,2025-08-19T16:47:31.622539,0
7034,8790.96,NY,2025-08-19T16:47:32.124493,0
5703,2128.87,LDN,2025-08-19T16:47:32.625413,0
4861,3541.52,SG,2025-08-19T16:47:33.126223,0
9773,9311.8,SG,2025-08-19T16:47:33.628438,0
3272,275.8,DXB,2025-08-19T16:47:34.130261,0
6247,6812.04,LDN,2025-08-19T16:47:34.631462,0
6374,6571.25,SG,2025-08-19T16:47:35.132760,0
1913,1988.95,DXB,2025-08-19T16:47:35.634138,0
6066,9156.9,DXB,2025-08-19T16:47:36.137076,0
7697,3283.98,DXB,2025-08-19T16:47:36.641238,0
1566,5836.06,DEL,2025-08-19T16:47:37.142374,0
2139,2360.17,NY,2025-08-19T16:47:37.644296,0
1922,386.9,NY,2025-08-19T16:47:38.146283,0
3756,4996.31,SG,2025-08-19T16:47:38.647459,0
4899,2097.73,LDN,2025-08-19T16:47:39.149008,0
2434,5089.33,DEL,2025-08-19T16:47:39.652188,0
7256,3882.58,DEL,2025-08-19T16:47:40.154327,0
2677,9278.31,DXB,2025-08-19T16:47:40.656187,0
5932,4101.04,NY,2025-08-19T16:47:41.157812,0
3006,8517.88,DEL,2025-08-19T16:47:41.658717,0
4093,4600.98,DEL,2025-08-19T16:47:42.160566,0
2257,712.06,DXB,2025-08-19T16:47:42.662055,0
5790,1180.14,DEL,2025-08-19T16:47:43.163761,0
9552,5756.31,NY,2025-08-19T16:47:43.665473,0
9824,1544.31,DEL,2025-08-19T16:47:44.166863,0
9495,2959.93,NY,2025-08-19T16:47:44.668487,0
2385,4665.08,SG,2025-08-19T16:47:45.170212,0
3594,4575.88,LDN,2025-08-19T16:47:45.671825,0
8569,4891.56,NY,2025-08-19T16:47:46.173499,0
1618,3679.31,DXB,2025-08-19T16:47:46.675740,0
8379,7435.73,NY,2025-08-19T16:47:47.177372,0
3672,4060.65,NY,2025-08-19T16:47:47.678708,0
8344,7939.14,NY,2025-08-19T16:47:48.180996,0
5721,4867.47,LDN,2025-08-19T16:47:48.682622,0
9892,6318.17,DEL,2025-08-19T16:47:49.183760,0
9629,6599.21,DXB,2025-08-19T16:47:49.685280,0
4845,945.2,SG,2025-08-19T16:47:50.186960,0
3452,6635.13,NY,2025-08-19T16:47:50.692742,0
4746,7987.2,NY,2025-08-19T16:47:51.198645,0
2299,4564.8,LDN,2025-08-19T16:47:51.700819,0
2085,3113.89,NY,2025-08-19T16:47:52.202054,0
9880,6014.07,LDN,2025-08-19T16:47:52.703907,0
9529,1662.49,DEL,2025-08-19T16:47:53.206084,0
5516,4661.17,LDN,2025-08-19T16:47:53.707835,0
1297,8040.41,LDN,2025-08-19T16:47:54.209447,0
3954,4644.39,DEL,2025-08-19T16:47:54.710730,0
5541,2967.05,NY,2025-08-19T16:47:55.212347,0
3526,2884.5,DXB,2025-08-19T16:47:55.714434,0
6154,2928.34,NY,2025-08-19T16:47:56.215757,0
8871,4341.45,DXB,2025-08-19T16:47:56.717141,0
5936,4381.12,SG,2025-08-19T16:47:57.218805,0
8815,1012.94,DEL,2025-08-19T16:47:57.720802,0
1362,6656.83,DXB,2025-08-19T16:47:58.222679,0
1795,8745.19,NY,2025-08-19T16:47:58.723810,0
6804,956.69,DXB,2025-08-19T16:47:59.224797,0
4943,7996.53,SG,2025-08-19T16:47:59.726320,0
7093,6202.5,DXB,2025-08-19T16:48:00.226964,0
9061,9804.45,LDN,2025-08-19T16:48:00.728448,0
1807,1660.66,DEL,2025-08-19T16:48:01.229335,0
9114,8866.38,DXB,2025-08-19T16:48:01.730137,0
6605,6781.36,NY,2025-08-19T16:48:02.231575,0
1815,2589.75,DEL,2025-08-19T16:48:02.733438,0
1452,6500.09,NY,2025-08-19T16:48:03.234461,0
7852,2235.18,DXB,2025-08-19T16:48:03.735699,0
3623,6290.23,LDN,2025-08-19T16:48:04.236898,0
2897,9225.17,SG,2025-08-19T16:48:04.737867,0
2012,4064.05,LDN,2025-08-19T16:48:05.239201,0
3680,5255.78,DXB,2025-08-19T16:48:05.740424,0
5796,5165.73,SG,2025-08-19T16:48:06.241652,0
5814,6584.3,DEL,2025-08-19T16:48:06.743429,0
2480,4807.87,LDN,2025-08-19T16:48:07.245085,0
6867,22.72,DEL,2025-08-19T16:48:07.746280,0
7517,3209.15,DEL,2025-08-19T16:48:08.246976,0
9856,3784.17,DXB,2025-08-19T16:48:08.748768,0
9555,3929.58,LDN,2025-08-19T16:48:09.249720,0
6770,4068.01,SG,2025-08-19T16:48:09.751289,0
9412,5230.35,DEL,2025-08-19T16:48:10.252294,0
3060,3956.0,DEL,2025-08-19T16:48:10.753759,0
3096,7432.29,DXB,2025-08-19T16:48:11.255663,0
3612,2537.33,NY,2025-08-19T16:48:11.757112,0
3668,5855.23,LDN,2025-08-19T16:48:12.258096,0
9416,9326.02,DXB,2025-08-19T16:48:12.760076,0
3834,7663.73,DXB,2025-08-19T16:48:13.261988,0
8259,6709.65,SG,2025-08-19T16:48:13.763554,0
6501,2949.16,DXB,2025-08-19T16:48:14.265433,0
8697,480.02,DEL,2025-08-19T16:48:14.767184,0
1481,1856.88,NY,2025-08-19T16:48:15.268446,0
9233,7124.95,SG,2025-08-19T16:48:15.769912,0
9643,6169.37,NY,2025-08-19T16:48:16.270966,0
9971,8526.54,NY,2025-08-19T16:48:16.771564,0
7901,4999.48,DXB,2025-08-19T16:48:17.273033,0
2070,7438.48,DXB,2025-08-19T16:48:17.774168,0
3698,8590.5,NY,2025-08-19T16:48:18.275129,0
2397,5263.37,NY,2025-08-19T16:48:18.776372,0
7392,9189.79,NY,2025-08-19T16:48:19.277818,0
1294,6310.86,SG,2025-08-19T16:48:19.779125,0
6368,3754.28,DEL,2025-08-19T16:48:20.281138,0
2291,4020.45,SG,2025-08-19T16:48:20.782483,0
9860,4934.99,DEL,2025-08-19T16:48:21.283169,0
5076,6035.15,DXB,2025-08-19T16:48:21.783984,0
9316,3993.71,DXB,2025-08-19T16:48:22.285736,0
1567,7704.41,DXB,2025-08-19T16:48:22.787033,0
2164,8439.54,DXB,2025-08-19T16:48:23.289336,0
4085,1242.9,NY,2025-08-19T16:48:23.790444,0
3305,426.87,NY,2025-08-19T16:48:24.291602,0
4647,3798.72,NY,2025-08-19T16:48:24.792495,0
6332,223.69,DEL,2025-08-19T16:48:25.293860,0
7461,9077.56,LDN,2025-08-19T16:48:25.795870,0
7719,7029.35,SG,2025-08-19T16:48:26.297569,0
9661,2731.51,DXB,2025-08-19T16:48:26.799226,0
5119,1855.65,DEL,2025-08-19T16:48:27.299957,0
2295,5529.68,DEL,2025-08-19T16:48:27.801760,0
8541,5098.3,SG,2025-08-19T16:48:28.302757,0
7357,9928.39,DXB,2025-08-19T16:48:28.803990,0
9860,6564.17,DEL,2025-08-19T16:48:29.305764,0
9788,5923.1,DXB,2025-08-19T16:48:29.807318,0
4228,2794.38,LDN,2025-08-19T16:48:30.308534,0
1965,2582.24,DEL,2025-08-19T16:48:30.809774,0
7093,4455.62,DEL,2025-08-19T16:48:31.311239,0
6816,2213.11,NY,2025-08-19T16:48:31.812457,0
3225,7417.3,DEL,2025-08-19T16:48:32.313833,0
4205,4777.66,NY,2025-08-19T16:48:32.815172,0
4431,2350.06,LDN,2025-08-19T16:48:33.316818,0
9162,5531.92,LDN,2025-08-19T16:48:33.818481,0
1319,8966.88,DXB,2025-08-19T16:48:34.320170,0
7009,8679.43,NY,2025-08-19T16:48:34.821536,0
6790,3362.93,DEL,2025-08-19T16:48:35.322960,0
4831,9816.9,DXB,2025-08-19T16:48:35.824393,0
3478,6324.87,DXB,2025-08-19T16:48:36.325473,0
5722,2886.11,DXB,2025-08-19T16:48:36.827105,0
1580,2506.9,DEL,2025-08-19T16:48:37.328694,0
7370,200.64,SG,2025-08-19T16:48:37.830707,0
6953,1542.83,DEL,2025-08-19T16:48:38.332269,0
8226,3451.59,NY,2025-08-19T16:48:38.834178,0
9771,7746.83,LDN,2025-08-19T16:48:39.335308,0
9638,9152.56,NY,2025-08-19T16:48:39.837448,0
4644,5900.93,LDN,2025-08-19T16:48:40.338641,0
8684,9988.13,DXB,2025-08-19T16:48:40.840198,0
5395,397.39,LDN,2025-08-19T16:48:41.341705,0
2220,9220.25,LDN,2025-08-19T16:48:41.843437,0
2934,7515.81,SG,2025-08-19T16:48:42.345166,0
8526,972.67,DXB,2025-08-19T16:48:42.846860,0
4434,8489.83,DXB,2025-08-19T16:48:43.348630,0
8612,1486.35,LDN,2025-08-19T16:48:43.850011,0
6065,9848.76,LDN,2025-08-19T16:48:44.351684,0
1101,8437.21,DXB,2025-08-19T16:48:44.853476,0
8574,4143.54,NY,2025-08-19T16:48:45.355144,0
3269,2823.38,LDN,2025-08-19T16:48:45.856996,0
8553,5672.68,DEL,2025-08-19T16:48:46.358144,0
7130,5026.83,SG,2025-08-19T16:48:46.859949,0
1052,9009.43,DEL,2025-08-19T16:48:47.361998,0
3297,1592.3,DEL,2025-08-19T16:48:47.863948,0
3710,6335.91,DEL,2025-08-19T16:48:48.365225,0
3527,8228.52,NY,2025-08-19T16:48:48.866894,0
5782,638.17,SG,2025-08-19T16:48:49.367711,0
9782,6609.72,LDN,2025-08-19T16:48:49.869406,0
3065,4629.94,DEL,2025-08-19T16:48:50.371063,0
9893,301.91,NY,2025-08-19T16:48:50.872588,1
5013,3773.69,NY,2025-08-19T16:48:51.373994,0
7437,6660.63,SG,2025-08-19T16:48:51.875800,0
7246,626.12,NY,2025-08-19T16:48:52.377630,0
1485,7806.33,DXB,2025-08-19T16:48:52.878522,0
1536,7219.02,LDN,2025-08-19T16:48:53.380205,0
8065,2336.04,SG,2025-08-19T16:48:53.881803,0
2466,4911.61,DXB,2025-08-19T16:48:54.383349,0
9549,9721.23,DXB,2025-08-19T16:48:54.885045,0
2916,7867.78,NY,2025-08-19T16:48:55.386999,0
2665,1181.05,SG,2025-08-19T16:48:55.888690,0
5751,7667.52,DEL,2025-08-19T16:48:56.390312,0
6928,4923.48,SG,2025-08-19T16:48:56.892155,0
5800,6712.01,NY,2025-08-19T16:48:57.393534,0
4123,2184.69,NY,2025-08-19T16:48:57.895292,0
6441,3566.29,NY,2025-08-19T16:48:58.397319,0
9694,2202.7,DEL,2025-08-19T16:48:58.899043,0
5150,9676.95,NY,2025-08-19T16:48:59.401193,0
2309,9761.01,SG,2025-08-19T16:48:59.902812,0
3408,3137.64,NY,2025-08-19T16:49:00.403802,0
9542,8017.16,SG,2025-08-19T16:49:00.905849,0
9298,9243.14,DXB,2025-08-19T16:49:01.407588,0
4396,5467.28,DEL,2025-08-19T16:49:01.909288,0
3148,8438.52,NY,2025-08-19T16:49:02.411226,0
1370,9860.16,LDN,2025-08-19T16:49:02.913149,0
1708,8346.08,DEL,2025-08-19T16:49:03.414696,0
5869,739.06,NY,2025-08-19T16:49:03.915420,0
8406,1223.9,DEL,2025-08-19T16:49:04.417343,0
9574,4097.96,DXB,2025-08-19T16:49:04.919114,0
1908,6578.64,SG,2025-08-19T16:49:05.420030,0
5292,510.66,DXB,2025-08-19T16:49:05.920956,0
3958,1862.64,LDN,2025-08-19T16:49:06.422587,0
8815,1570.9,DEL,2025-08-19T16:49:06.924130,0
3478,7499.32,LDN,2025-08-19T16:49:07.426165,0
5280,1410.84,LDN,2025-08-19T16:49:07.927978,0
3925,94.74,DXB,2025-08-19T16:49:08.428815,0
6423,3660.11,LDN,2025-08-19T16:49:08.930401,0
3017,1913.85,SG,2025-08-19T16:49:09.432103,0
7685,1196.4,SG,2025-08-19T16:49:09.933084,0
2042,3752.29,NY,2025-08-19T16:49:10.434879,0
6564,4067.56,DEL,2025-08-19T16:49:10.936503,0
3624,5512.39,DEL,2025-08-19T16:49:11.437050,0
5353,2609.82,SG,2025-08-19T16:49:11.938694,0
9999,2954.88,DXB,2025-08-19T16:49:12.440203,0
7169,5716.81,LDN,2025-08-19T16:49:12.941766,0
9817,5179.88,SG,2025-08-19T16:49:13.443139,0
5627,1519.78,SG,2025-08-19T16:49:13.943867,0
3487,2971.27,SG,2025-08-19T16:49:14.444892,0
7915,3809.95,NY,2025-08-19T16:49:14.945740,0
3102,8877.58,SG,2025-08-19T16:49:15.446733,0
9636,9737.54,NY,2025-08-19T16:49:15.947766,0
7685,8405.4,DXB,2025-08-19T16:49:16.448824,0
3323,7392.61,SG,2025-08-19T16:49:16.949565,0
8292,8890.36,LDN,2025-08-19T16:49:17.450478,0
5369,6237.01,LDN,2025-08-19T16:49:17.951568,0
5291,677.45,DXB,2025-08-19T16:49:18.453038,0
9326,9962.02,DXB,2025-08-19T16:49:18.954489,0
6961,8167.56,SG,2025-08-19T16:49:19.455924,0
9820,8173.31,NY,2025-08-19T16:49:19.956863,0
7509,7305.51,DEL,2025-08-19T16:49:20.458119,0
2146,5677.48,DEL,2025-08-19T16:49:20.959809,0
1922,9331.61,LDN,2025-08-19T16:49:21.460836,0
2151,8119.85,NY,2025-08-19T16:49:21.961754,0
7445,2304.52,NY,2025-08-19T16:49:22.462851,0
2620,5610.87,DXB,2025-08-19T16:49:22.964022,0
3504,908.45,LDN,2025-08-19T16:49:23.465396,0
7592,2138.29,SG,2025-08-19T16:49:23.966280,0
2552,7622.71,SG,2025-08-19T16:49:24.467146,0
9708,5589.12,NY,2025-08-19T16:49:24.968100,0
3739,8089.27,SG,2025-08-19T16:49:25.469023,0
6449,1528.55,NY,2025-08-19T16:49:25.969877,0
2813,8518.7,SG,2025-08-19T16:49:26.470736,0
4695,7985.64,DXB,2025-08-19T16:49:26.971520,0
5131,8375.38,SG,2025-08-19T16:49:27.472854,0
5725,2709.61,LDN,2025-08-19T16:49:27.974136,0
9874,6824.66,DXB,2025-08-19T16:49:28.475246,0
6805,3412.95,LDN,2025-08-19T16:49:28.976358,0
4263,4970.1,NY,2025-08-19T16:49:29.477867,0
7378,9984.26,LDN,2025-08-19T16:49:29.978901,0
5382,2687.1,SG,2025-08-19T16:49:30.480075,0
4898,9528.42,SG,2025-08-19T16:49:30.980859,0
6026,2441.59,LDN,2025-08-19T16:49:31.481842,0
5003,1135.16,SG,2025-08-19T16:49:31.983023,0
8863,8733.92,LDN,2025-08-19T16:49:32.484584,0
3838,521.51,DXB,2025-08-19T16:49:32.985850,0
8565,9931.41,DXB,2025-08-19T16:49:33.486802,0
9189,1168.93,NY,2025-08-19T16:49:33.988494,0
4129,1862.27,DXB,2025-08-19T16:49:34.489798,0
1466,91.4,NY,2025-08-19T16:49:34.990475,0
3946,3797.11,SG,2025-08-19T16:49:35.491631,0
5197,557.19,SG,2025-08-19T16:49:35.992458,0
6980,3409.1,SG,2025-08-19T16:49:36.493541,0
2195,5887.76,DXB,2025-08-19T16:49:36.994559,0
8385,5609.56,LDN,2025-08-19T16:49:37.495766,0
5742,905.26,NY,2025-08-19T16:49:37.996945,0
3777,1978.07,DEL,2025-08-19T16:49:38.498842,0
8046,4910.8,DEL,2025-08-19T16:49:39.000118,0
9594,9349.91,SG,2025-08-19T16:49:39.500789,0
7496,3007.06,NY,2025-08-19T16:49:40.002484,0
6212,7504.72,DXB,2025-08-19T16:49:40.504152,0
1402,3302.97,DEL,2025-08-19T16:49:41.005727,0
3078,4125.88,NY,2025-08-19T16:49:41.507541,0
5431,1222.96,DEL,2025-08-19T16:49:42.008675,0
2833,873.86,SG,2025-08-19T16:49:42.509776,0
2659,6112.38,LDN,2025-08-19T16:49:43.010997,0
7001,9493.71,NY,2025-08-19T16:49:43.512449,0
6448,8828.9,SG,2025-08-19T16:49:44.014072,0
5595,1655.65,NY,2025-08-19T16:49:44.515645,0
7500,6818.93,DEL,2025-08-19T16:49:45.017281,0
7378,2449.11,DXB,2025-08-19T16:49:45.519292,0
8723,3056.75,DXB,2025-08-19T16:49:46.020356,0
9688,2894.88,SG,2025-08-19T16:49:46.521791,0
1090,1653.02,DXB,2025-08-19T16:49:47.023141,0
7343,1321.06,NY,2025-08-19T16:49:47.525294,0
8480,5712.44,DXB,2025-08-19T16:49:48.026717,0
5750,8644.94,DXB,2025-08-19T16:49:48.528526,0
9354,2651.98,LDN,2025-08-19T16:49:49.030235,0
4726,1222.2,DXB,2025-08-19T16:49:49.531482,0
7112,6637.84,NY,2025-08-19T16:49:50.033570,0
6333,1649.71,DXB,2025-08-19T16:49:50.535297,0
2492,1120.83,SG,2025-08-19T16:49:51.036433,0
9795,1017.95,DXB,2025-08-19T16:49:51.537478,0
8182,5296.74,NY,2025-08-19T16:49:52.038836,0
8098,2869.75,DXB,2025-08-19T16:49:52.540736,0
5601,1101.99,DXB,2025-08-19T16:49:53.041837,0
2113,1269.94,SG,2025-08-19T16:49:53.542620,0
1873,1583.98,DXB,2025-08-19T16:49:54.043496,0
8905,6365.5,SG,2025-08-19T16:49:54.545352,0
8043,4922.61,DEL,2025-08-19T16:49:55.047149,0
9061,6614.17,DXB,2025-08-19T16:49:55.548614,0
8972,9439.95,LDN,2025-08-19T16:49:56.049593,0
1615,1923.23,SG,2025-08-19T16:49:56.550431,0
6358,161.5,DXB,2025-08-19T16:49:57.051138,0
9919,1298.56,DXB,2025-08-19T16:49:57.551993,0
6144,5198.83,NY,2025-08-19T16:49:58.053036,0
9642,1411.34,DXB,2025-08-19T16:49:58.553922,0
6482,4529.17,DXB,2025-08-19T16:49:59.055290,0
6691,4314.83,SG,2025-08-19T16:49:59.556675,0
5157,3556.7,NY,2025-08-19T16:50:00.058609,0
2395,6931.25,DXB,2025-08-19T16:50:00.559789,0
1456,7949.81,NY,2025-08-19T16:50:01.061443,0
1320,3610.44,NY,2025-08-19T16:50:01.562712,0
2726,4272.98,NY,2025-08-19T16:50:02.064274,0
1909,2897.69,SG,2025-08-19T16:50:02.565763,0
8014,9605.83,LDN,2025-08-19T16:50:03.067093,0
9824,1214.81,DEL,2025-08-19T16:50:03.568435,0
2990,4267.7,LDN,2025-08-19T16:50:04.069523,0
7522,2548.97,DXB,2025-08-19T16:50:04.570765,0
8236,5815.91,DXB,2025-08-19T16:50:05.071629,0
2670,2382.35,SG,2025-08-19T16:50:05.572433,0
1776,2583.8,DXB,2025-08-19T16:50:06.073953,0
7311,696.18,LDN,2025-08-19T16:50:06.574956,0
2731,5733.13,SG,2025-08-19T16:50:07.076942,0
7713,8073.89,LDN,2025-08-19T16:50:07.578069,0
2825,8128.63,SG,2025-08-19T16:50:08.079806,0
5686,432.42,DXB,2025-08-19T16:50:08.581063,0
9203,4661.86,SG,2025-08-19T16:50:09.082485,0
8972,1604.82,LDN,2025-08-19T16:50:09.583822,0
1653,1492.55,DEL,2025-08-19T16:50:10.085192,0
8530,3317.74,LDN,2025-08-19T16:50:10.586475,0
6757,1690.5,SG,2025-08-19T16:50:11.088347,0
3680,2587.97,SG,2025-08-19T16:50:11.589248,0
7261,7695.78,DEL,2025-08-19T16:50:12.090540,0
8311,5693.67,LDN,2025-08-19T16:50:12.592182,0
7947,9857.38,LDN,2025-08-19T16:50:13.093372,0
7044,3241.84,SG,2025-08-19T16:50:13.594268,0
7762,7811.96,DXB,2025-08-19T16:50:14.095952,0
4568,6085.87,DEL,2025-08-19T16:50:14.597442,0
8962,8831.19,DEL,2025-08-19T16:50:15.099074,0
4893,9681.86,DEL,2025-08-19T16:50:15.600270,0
3230,4104.92,LDN,2025-08-19T16:50:16.102249,0
3402,4059.33,NY,2025-08-19T16:50:16.603620,0
3689,1861.43,NY,2025-08-19T16:50:17.105098,0
8470,7728.09,NY,2025-08-19T16:50:17.606990,0
2921,4668.83,NY,2025-08-19T16:50:18.108057,0
6027,51.1,DEL,2025-08-19T16:50:18.609106,0
3888,7519.45,LDN,2025-08-19T16:50:19.110602,0
3771,1641.15,NY,2025-08-19T16:50:19.611556,0
5283,6306.75,LDN,2025-08-19T16:50:20.112706,0
4943,7144.28,LDN,2025-08-19T16:50:20.614660,0
2597,823.03,DEL,2025-08-19T16:50:21.116051,0
1830,5523.69,NY,2025-08-19T16:50:21.617024,0
1223,5930.42,SG,2025-08-19T16:50:22.118560,0
3876,4786.22,NY,2025-08-19T16:50:22.619904,0
6948,6179.8,SG,2025-08-19T16:50:23.121558,0
7311,9004.67,LDN,2025-08-19T16:50:23.623364,0
2467,1649.17,DXB,2025-08-19T16:50:24.124612,0
2295,790.35,DEL,2025-08-19T16:50:24.626050,0
5827,2490.8,SG,2025-08-19T16:50:25.127671,0
6200,7142.66,LDN,2025-08-19T16:50:25.629128,0
6652,2506.27,NY,2025-08-19T16:50:26.130802,0
2267,5516.08,DEL,2025-08-19T16:50:26.631498,0
7804,5866.34,NY,2025-08-19T16:50:27.132353,0
5633,7123.55,LDN,2025-08-19T16:50:27.633299,0
5604,4802.13,SG,2025-08-19T16:50:28.134995,0
5926,687.78,LDN,2025-08-19T16:50:28.636581,0
8044,4558.42,DEL,2025-08-19T16:50:29.137543,0
2880,8967.57,DXB,2025-08-19T16:50:29.638722,0
5028,8222.04,SG,2025-08-19T16:50:30.140022,0
7648,3370.66,DXB,2025-08-19T16:50:30.641367,0
2498,3345.06,DXB,2025-08-19T16:50:31.142526,0
2040,758.47,SG,2025-08-19T16:50:31.644260,0
8238,2487.02,NY,2025-08-19T16:50:32.145660,0
3588,3062.02,SG,2025-08-19T16:50:32.647016,0
6465,4985.51,DXB,2025-08-19T16:50:33.148859,0
6760,5635.09,DXB,2025-08-19T16:50:33.650655,0
2475,8097.58,DEL,2025-08-19T16:50:34.152035,0
7384,865.24,DEL,2025-08-19T16:50:34.653430,0
6248,3450.8,LDN,2025-08-19T16:50:35.154853,0
3900,7476.07,NY,2025-08-19T16:50:35.656594,0
7932,5697.47,DXB,2025-08-19T16:50:36.158415,0
3728,8102.42,DEL,2025-08-19T16:50:36.659454,0
5522,3389.68,DEL,2025-08-19T16:50:37.160787,0
2351,4567.6,LDN,2025-08-19T16:50:37.661700,0
6544,7539.65,DXB,2025-08-19T16:50:38.162915,0
8722,6127.46,DXB,2025-08-19T16:50:38.664470,0
7047,4280.07,DXB,2025-08-19T16:50:39.166232,0
9719,6061.83,LDN,2025-08-19T16:50:39.667253,0
9448,4257.67,SG,2025-08-19T16:50:40.168521,0
3346,6560.17,NY,2025-08-19T16:50:40.670126,0
7060,6368.87,SG,2025-08-19T16:50:41.171391,0
9241,2257.24,DEL,2025-08-19T16:50:41.672603,0
7872,5975.37,LDN,2025-08-19T16:50:42.173890,0
6953,7415.12,SG,2025-08-19T16:50:42.675372,0
2831,251.72,DXB,2025-08-19T16:50:43.177454,0
6779,9647.48,NY,2025-08-19T16:50:43.678340,0
4066,7705.37,SG,2025-08-19T16:50:44.179580,0
7703,2351.84,DXB,2025-08-19T16:50:44.681151,0
9185,7855.55,DXB,2025-08-19T16:50:45.182532,0
7275,792.54,DXB,2025-08-19T16:50:45.684002,0
2491,2358.48,SG,2025-08-19T16:50:46.185318,0
8216,6692.66,LDN,2025-08-19T16:50:46.686132,0
9800,3399.64,NY,2025-08-19T16:50:47.187437,0
2974,5870.75,DEL,2025-08-19T16:50:47.688582,0
7483,9031.15,DEL,2025-08-19T16:50:48.190311,0
2654,4127.54,DEL,2025-08-19T16:50:48.691891,0
8304,2499.18,LDN,2025-08-19T16:50:49.193492,0
3762,3659.91,DEL,2025-08-19T16:50:49.694842,0
8258,7829.35,NY,2025-08-19T16:50:50.196117,0
7081,3813.21,NY,2025-08-19T16:50:50.697678,0
2901,3940.72,NY,2025-08-19T16:50:51.198368,0
5773,2273.37,LDN,2025-08-19T16:50:51.699599,0
1987,7854.83,LDN,2025-08-19T16:50:52.201031,0
4392,906.44,DEL,2025-08-19T16:50:52.702087,0
9599,5524.64,DEL,2025-08-19T16:50:53.203144,0
2843,8728.31,LDN,2025-08-19T16:50:53.704444,0
4958,874.25,SG,2025-08-19T16:50:54.206066,0
9626,9421.2,DXB,2025-08-19T16:50:54.707780,0
7396,7922.15,LDN,2025-08-19T16:50:55.209209,0
2525,3717.98,DEL,2025-08-19T16:50:55.711230,0
2420,1869.87,DEL,2025-08-19T16:50:56.212429,0
2299,9104.36,DXB,2025-08-19T16:50:56.713868,0
7074,1367.36,DXB,2025-08-19T16:50:57.215537,0
8984,5194.23,LDN,2025-08-19T16:50:57.716893,0
4013,1974.91,NY,2025-08-19T16:50:58.218322,0
1353,696.03,DXB,2025-08-19T16:50:58.727797,0
2690,8654.15,DEL,2025-08-19T16:50:59.246303,0
4934,5020.81,DXB,2025-08-19T16:50:59.747624,0
4658,8837.64,DEL,2025-08-19T16:51:00.249382,0
3547,2755.08,DXB,2025-08-19T16:51:00.750866,0
7233,6994.79,NY,2025-08-19T16:51:01.252390,0
1633,1405.17,NY,2025-08-19T16:51:01.753384,0
9810,1104.13,DEL,2025-08-19T16:51:02.255012,0
3265,1216.44,DEL,2025-08-19T16:51:02.756601,0
8389,5942.86,DEL,2025-08-19T16:51:03.258253,0
8726,8953.96,DEL,2025-08-19T16:51:03.759355,0
8135,18.28,SG,2025-08-19T16:51:04.260738,0
2852,9018.97,DEL,2025-08-19T16:51:04.761603,0
4011,1477.45,NY,2025-08-19T16:51:05.262500,0
4318,32.91,NY,2025-08-19T16:51:05.763783,0
9785,3034.05,DXB,2025-08-19T16:51:06.264900,0
5337,6266.35,DXB,2025-08-19T16:51:06.766520,0
5203,3136.31,DEL,2025-08-19T16:51:07.267750,0
5113,6597.5,SG,2025-08-19T16:51:07.769105,0
7747,1347.85,LDN,2025-08-19T16:51:08.270374,0
2959,6038.63,SG,2025-08-19T16:51:08.772149,0
5395,3502.69,DXB,2025-08-19T16:51:09.273793,0
5797,7652.14,SG,2025-08-19T16:51:09.775203,0
1512,4828.9,DXB,2025-08-19T16:51:10.277437,0
7937,3832.38,NY,2025-08-19T16:51:10.779055,0
6403,3171.45,LDN,2025-08-19T16:51:11.280648,0
5114,3804.17,DEL,2025-08-19T16:51:11.782114,0
1520,9240.18,DEL,2025-08-19T16:51:12.283342,0
4006,9030.93,DEL,2025-08-19T16:51:12.784265,0
5938,4442.14,DXB,2025-08-19T16:51:13.285639,0
7014,1747.36,NY,2025-08-19T16:51:13.786574,0
8360,9086.25,NY,2025-08-19T16:51:14.287912,0
9884,8329.43,LDN,2025-08-19T16:51:14.789570,0
6649,8700.03,DEL,2025-08-19T16:51:15.291248,0
3020,7191.13,NY,2025-08-19T16:51:15.792783,0
4001,719.03,DXB,2025-08-19T16:51:16.294210,0
4035,5304.52,NY,2025-08-19T16:51:16.795841,0
1684,549.76,NY,2025-08-19T16:51:17.297124,0
5549,9435.65,LDN,2025-08-19T16:51:17.798833,0
4288,2527.36,LDN,2025-08-19T16:51:18.300933,0
1729,562.24,DXB,2025-08-19T16:51:18.802339,0
5744,9298.28,SG,2025-08-19T16:51:19.303261,0
5658,5509.8,DXB,2025-08-19T16:51:19.804549,0
7483,4156.48,DXB,2025-08-19T16:51:20.305631,0
3768,6118.76,LDN,2025-08-19T16:51:20.807038,0
8674,5955.33,SG,2025-08-19T16:51:21.308471,0
2641,6535.74,LDN,2025-08-19T16:51:21.809900,0
6893,3205.25,DEL,2025-08-19T16:51:22.311634,0
3412,9094.43,NY,2025-08-19T16:51:22.813252,0
4654,7986.19,LDN,2025-08-19T16:51:23.314423,0
7515,9367.2,DEL,2025-08-19T16:51:23.815331,0
6435,3952.12,SG,2025-08-19T16:51:24.316470,0
8302,7707.63,DEL,2025-08-19T16:51:24.817817,0
4037,9160.79,NY,2025-08-19T16:51:25.318751,0
6810,8475.99,DEL,2025-08-19T16:51:25.819914,0
5316,1791.75,NY,2025-08-19T16:51:26.321152,0
1688,9645.57,DXB,2025-08-19T16:51:26.822419,0
9667,3022.36,DXB,2025-08-19T16:51:27.324118,0
5504,69.61,SG,2025-08-19T16:51:27.825448,0
7757,5562.79,LDN,2025-08-19T16:51:28.327095,0
9142,261.69,SG,2025-08-19T16:51:28.828571,0
7045,7471.12,NY,2025-08-19T16:51:29.330128,0
6745,7985.07,NY,2025-08-19T16:51:29.831607,0
7470,6230.31,DEL,2025-08-19T16:51:30.333939,0
7899,6539.94,NY,2025-08-19T16:51:30.835041,0
5482,7751.13,SG,2025-08-19T16:51:31.336571,0
7086,5015.05,SG,2025-08-19T16:51:31.837855,0
9775,4535.24,DEL,2025-08-19T16:51:32.340143,0
2188,8714.78,NY,2025-08-19T16:51:32.841559,0
3334,8716.04,DXB,2025-08-19T16:51:33.342761,0
1535,952.14,DXB,2025-08-19T16:51:33.844285,0
9932,34.3,NY,2025-08-19T16:51:34.345479,0
3484,2581.07,SG,2025-08-19T16:51:34.847030,0
6640,838.5,DEL,2025-08-19T16:51:35.348464,0
6552,9828.72,DXB,2025-08-19T16:51:35.849450,0
7444,375.76,NY,2025-08-19T16:51:36.350624,0
9225,9895.57,SG,2025-08-19T16:51:36.851624,0
2287,6773.37,SG,2025-08-19T16:51:37.352521,0
3538,2311.92,NY,2025-08-19T16:51:37.854716,0
2584,43.48,DXB,2025-08-19T16:51:38.355739,0
4930,988.9,LDN,2025-08-19T16:51:38.858027,0
4192,6091.15,NY,2025-08-19T16:51:39.359031,0
7950,2493.05,SG,2025-08-19T16:51:39.860351,0
2947,2052.96,DXB,2025-08-19T16:51:40.362036,0
2949,609.95,NY,2025-08-19T16:51:40.863777,0
1607,6261.02,DEL,2025-08-19T16:51:41.365296,0
7202,2136.12,SG,2025-08-19T16:51:41.867327,0
2121,6579.63,SG,2025-08-19T16:51:42.368511,0
9082,5170.86,LDN,2025-08-19T16:51:42.870108,0
3272,4083.02,LDN,2025-08-19T16:51:43.371080,0
3110,7827.49,NY,2025-08-19T16:51:43.872155,0
5800,99.01,LDN,2025-08-19T16:51:44.372948,0
1009,1036.17,DEL,2025-08-19T16:51:44.874740,0
7254,1073.73,NY,2025-08-19T16:51:45.376038,0
4948,5980.36,SG,2025-08-19T16:51:45.878025,0
7109,6159.29,DEL,2025-08-19T16:51:46.379585,0
9853,7252.98,LDN,2025-08-19T16:51:46.880646,0
3653,9286.43,LDN,2025-08-19T16:51:47.381948,0
7123,5775.02,NY,2025-08-19T16:51:47.883898,0
2291,6459.15,SG,2025-08-19T16:51:48.385147,0
9512,6187.73,DEL,2025-08-19T16:51:48.886448,0
4301,8062.02,LDN,2025-08-19T16:51:49.387502,0
7201,5080.84,NY,2025-08-19T16:51:49.888804,0
9765,1023.29,NY,2025-08-19T16:51:50.390153,0
8921,326.01,DXB,2025-08-19T16:51:50.892449,1
9775,451.61,NY,2025-08-19T16:51:51.393730,0
6980,6685.13,DXB,2025-08-19T16:51:51.894872,0
7073,5711.28,NY,2025-08-19T16:51:52.396650,0
6943,2582.07,NY,2025-08-19T16:51:52.898181,0
9160,9138.79,DXB,2025-08-19T16:51:53.399464,0
2943,8970.82,DEL,2025-08-19T16:51:53.900768,0
1136,1408.28,DXB,2025-08-19T16:51:54.402504,0
8710,5154.78,SG,2025-08-19T16:51:54.903929,0
2374,3503.2,DEL,2025-08-19T16:51:55.405663,0
3035,7679.51,DEL,2025-08-19T16:51:55.907773,0
8234,5197.21,DEL,2025-08-19T16:51:56.408689,0
6450,9705.5,NY,2025-08-19T16:51:56.909577,0
1669,1863.81,SG,2025-08-19T16:51:57.411035,0
9235,6335.33,DXB,2025-08-19T16:51:57.912259,0
9293,8277.76,DXB,2025-08-19T16:51:58.413733,0
6776,9389.96,NY,2025-08-19T16:51:58.915184,0
4857,8677.33,DXB,2025-08-19T16:51:59.416771,0
7563,1906.47,DXB,2025-08-19T16:51:59.917792,0
2759,9997.95,SG,2025-08-19T16:52:00.419182,0
2630,7671.25,DXB,2025-08-19T16:52:00.920959,0
6127,6669.91,LDN,2025-08-19T16:52:01.422753,0
4477,3404.31,SG,2025-08-19T16:52:01.923897,0
5181,744.25,DXB,2025-08-19T16:52:02.425539,0
7944,8499.6,DEL,2025-08-19T16:52:02.927372,0
6455,7492.77,SG,2025-08-19T16:52:03.429307,0
4465,5185.67,SG,2025-08-19T16:52:03.931678,0
5434,8800.74,SG,2025-08-19T16:52:04.433615,0
3511,5113.92,NY,2025-08-19T16:52:04.935070,0
2176,5890.96,LDN,2025-08-19T16:52:05.437058,0
5782,6859.08,DXB,2025-08-19T16:52:05.938767,0
4578,8945.21,DXB,2025-08-19T16:52:06.440114,0
7776,70.39,NY,2025-08-19T16:52:06.942099,0
5836,4198.47,LDN,2025-08-19T16:52:07.443495,0
6895,4143.32,SG,2025-08-19T16:52:07.944567,0
2365,4546.23,LDN,2025-08-19T16:52:08.445694,0
4074,1660.4,DEL,2025-08-19T16:52:08.947939,0
8551,8603.55,SG,2025-08-19T16:52:09.449619,0
4332,7589.58,NY,2025-08-19T16:52:09.951835,0
3573,8810.82,SG,2025-08-19T16:52:10.453519,0
7410,9886.06,DXB,2025-08-19T16:52:10.955206,0
7201,2252.93,NY,2025-08-19T16:52:11.456760,0
7503,5085.92,LDN,2025-08-19T16:52:11.958292,0
2381,4079.17,SG,2025-08-19T16:52:12.460170,0
6084,3791.69,DEL,2025-08-19T16:52:12.961856,0
8194,8962.37,LDN,2025-08-19T16:52:13.463524,0
9841,6077.72,DEL,2025-08-19T16:52:13.965263,0
1217,7575.4,NY,2025-08-19T16:52:14.467324,0
7654,6394.3,SG,2025-08-19T16:52:14.969411,0
4682,9817.76,SG,2025-08-19T16:52:15.470463,0
8880,3273.76,DXB,2025-08-19T16:52:15.972145,0
1230,9287.99,DXB,2025-08-19T16:52:16.473278,0
7949,3935.0,NY,2025-08-19T16:52:16.975265,0
6884,9669.33,SG,2025-08-19T16:52:17.476483,0
5770,4914.83,NY,2025-08-19T16:52:17.977896,0
4951,2593.19,NY,2025-08-19T16:52:18.479689,0
9150,203.21,LDN,2025-08-19T16:52:18.981207,0
9614,1627.41,DEL,2025-08-19T16:52:19.482689,0
2894,4109.38,NY,2025-08-19T16:52:19.984575,0
6003,1021.23,DEL,2025-08-19T16:52:20.486398,0
7847,1018.21,LDN,2025-08-19T16:52:20.987078,0
4997,1768.75,NY,2025-08-19T16:52:21.487899,0
1114,5012.4,DXB,2025-08-19T16:52:21.993031,0
6407,5324.57,DXB,2025-08-19T16:52:22.494815,0
4956,4118.54,DEL,2025-08-19T16:52:22.996395,0
7933,1176.06,SG,2025-08-19T16:52:23.498442,0
7306,9873.17,SG,2025-08-19T16:52:24.000056,0
7655,6976.88,DXB,2025-08-19T16:52:24.501651,0
1857,471.32,LDN,2025-08-19T16:52:25.003688,0
3190,8297.02,DXB,2025-08-19T16:52:25.505154,0
8290,7512.06,SG,2025-08-19T16:52:26.006353,0
5159,3163.83,LDN,2025-08-19T16:52:26.508120,0
2904,1844.31,LDN,2025-08-19T16:52:27.009277,0
8261,8241.88,DEL,2025-08-19T16:52:27.510600,0
6872,9525.5,DXB,2025-08-19T16:52:28.011557,0
3958,7014.51,SG,2025-08-19T16:52:28.512848,0
1283,7072.08,DXB,2025-08-19T16:52:29.014856,0
7443,7605.73,NY,2025-08-19T16:52:29.516373,0
3477,5585.26,DXB,2025-08-19T16:52:30.017589,0
2881,6146.74,DXB,2025-08-19T16:52:30.518786,0
4477,7141.92,NY,2025-08-19T16:52:31.019856,0
1002,7239.98,LDN,2025-08-19T16:52:31.521723,0
1966,6831.64,DEL,2025-08-19T16:52:32.022920,0
4680,3433.35,DXB,2025-08-19T16:52:32.523855,0
4070,9050.29,LDN,2025-08-19T16:52:33.024922,0
1863,4668.16,DEL,2025-08-19T16:52:33.525961,0
1781,2042.65,NY,2025-08-19T16:52:34.027322,0
9272,7181.13,LDN,2025-08-19T16:52:34.528502,0
8876,6733.17,DEL,2025-08-19T16:52:35.029549,0
9106,8355.39,DEL,2025-08-19T16:52:35.531027,0
5086,7209.24,SG,2025-08-19T16:52:36.032097,0
7705,2342.29,NY,2025-08-19T16:52:36.533404,0
7881,8679.41,DXB,2025-08-19T16:52:37.035715,0
1070,4291.1,DXB,2025-08-19T16:52:37.538112,0
1997,6455.38,LDN,2025-08-19T16:52:38.039699,0
2869,9633.86,DEL,2025-08-19T16:52:38.542455,0
3893,8972.3,DXB,2025-08-19T16:52:39.044943,0
7466,5507.81,LDN,2025-08-19T16:52:39.546535,0
6914,5391.55,DXB,2025-08-19T16:52:40.048036,0
8364,3180.31,DEL,2025-08-19T16:52:40.549235,0
5181,948.82,LDN,2025-08-19T16:52:41.050793,0
9749,9153.9,LDN,2025-08-19T16:52:41.552255,0
7514,7439.02,SG,2025-08-19T16:52:42.053787,0
2710,3791.18,DXB,2025-08-19T16:52:42.555397,0
4380,9181.18,SG,2025-08-19T16:52:43.056672,0
9580,2051.75,NY,2025-08-19T16:52:43.559162,0
5278,3420.42,DEL,2025-08-19T16:52:44.060288,0
8768,8091.82,SG,2025-08-19T16:52:44.562217,0
6920,6908.36,DEL,2025-08-19T16:52:45.063262,0
9313,9851.22,DEL,2025-08-19T16:52:45.564993,0
6548,4947.94,DXB,2025-08-19T16:52:46.066838,0
9225,1159.61,SG,2025-08-19T16:52:46.568670,0
5230,4030.38,DEL,2025-08-19T16:52:47.069496,0
5070,8782.39,DXB,2025-08-19T16:52:47.570523,0
1205,5321.81,DEL,2025-08-19T16:52:48.071978,0
4143,120.46,DXB,2025-08-19T16:52:48.573720,0
5279,2728.41,DXB,2025-08-19T16:52:49.075827,0
5773,2910.93,DEL,2025-08-19T16:52:49.577675,0
4715,3911.7,NY,2025-08-19T16:52:50.079395,0
3929,2056.31,DXB,2025-08-19T16:52:50.580935,0
4472,1940.37,SG,2025-08-19T16:52:51.082224,0
1259,1916.68,DXB,2025-08-19T16:52:51.583103,0
9680,9990.83,NY,2025-08-19T16:52:52.084388,0
1466,6649.8,SG,2025-08-19T16:52:52.585697,0
5144,3125.79,DXB,2025-08-19T16:52:53.087325,0
8899,5306.53,SG,2025-08-19T16:52:53.588699,0
6215,238.12,DEL,2025-08-19T16:52:54.090450,0
9490,9266.62,SG,2025-08-19T16:52:54.593679,0
4548,832.61,SG,2025-08-19T16:52:55.097191,0
8277,3870.09,NY,2025-08-19T16:52:55.598251,0
4622,5854.15,SG,2025-08-19T16:52:56.099869,0
5543,7832.97,LDN,2025-08-19T16:52:56.601076,0
2467,2370.25,LDN,2025-08-19T16:52:57.102596,0
9075,3720.83,NY,2025-08-19T16:52:57.604174,0
3754,4121.33,DXB,2025-08-19T16:52:58.105821,0
5673,6069.05,SG,2025-08-19T16:52:58.607218,0
8058,4253.7,NY,2025-08-19T16:52:59.109063,0
3634,7491.87,NY,2025-08-19T16:52:59.611060,0
3863,2107.65,LDN,2025-08-19T16:53:00.113019,0
9807,6.8,SG,2025-08-19T16:53:00.614194,0
1291,3926.06,SG,2025-08-19T16:53:01.115424,0
8575,579.97,NY,2025-08-19T16:53:01.616976,0
6692,2577.08,DEL,2025-08-19T16:53:02.118518,0
6625,7747.36,LDN,2025-08-19T16:53:02.620218,0
3752,5639.99,LDN,2025-08-19T16:53:03.121857,0
6327,815.45,DXB,2025-08-19T16:53:03.622983,0
3026,4105.2,DXB,2025-08-19T16:53:04.124114,0
2498,9913.42,LDN,2025-08-19T16:53:04.625268,0
6560,1104.06,NY,2025-08-19T16:53:05.127420,0
8225,2344.39,NY,2025-08-19T16:53:05.629017,0
4981,2587.72,DEL,2025-08-19T16:53:06.130807,0
6412,5361.7,NY,2025-08-19T16:53:06.632805,0
4068,7088.7,NY,2025-08-19T16:53:07.134451,0
5877,5624.3,DXB,2025-08-19T16:53:07.636754,0
3795,2189.91,DXB,2025-08-19T16:53:08.138636,0
7430,6028.68,DEL,2025-08-19T16:53:08.640963,0
9015,4976.95,LDN,2025-08-19T16:53:09.143053,0
1996,1778.53,NY,2025-08-19T16:53:09.644883,0
8412,8525.13,DXB,2025-08-19T16:53:10.146683,0
7315,6165.26,DXB,2025-08-19T16:53:10.648720,0
5159,1637.1,NY,2025-08-19T16:53:11.149806,0
9685,4468.7,NY,2025-08-19T16:53:11.651779,0
4251,7672.42,LDN,2025-08-19T16:53:12.154183,0
2441,4469.77,SG,2025-08-19T16:53:12.656092,0
1034,2445.28,DXB,2025-08-19T16:53:13.157656,0
6974,2345.69,DEL,2025-08-19T16:53:13.659054,0
4193,5185.12,DXB,2025-08-19T16:53:14.160315,0
6450,1728.71,DEL,2025-08-19T16:53:14.661933,0
1769,852.67,SG,2025-08-19T16:53:15.163570,0
5644,9384.51,SG,2025-08-19T16:53:15.664412,0
7768,1426.33,DEL,2025-08-19T16:53:16.165949,0
6280,2688.79,LDN,2025-08-19T16:53:16.668069,0
3361,440.75,NY,2025-08-19T16:53:17.170291,0
6071,1701.61,LDN,2025-08-19T16:53:17.672416,0
9943,155.59,DXB,2025-08-19T16:53:18.173888,0
4961,8799.92,LDN,2025-08-19T16:53:18.675965,0
7356,1809.92,NY,2025-08-19T16:53:19.177296,0
9890,7866.0,SG,2025-08-19T16:53:19.678234,0
8623,6832.1,LDN,2025-08-19T16:53:20.179259,0
2679,7037.76,LDN,2025-08-19T16:53:20.680082,0
1012,8823.7,SG,2025-08-19T16:53:21.181572,0
4264,1068.93,LDN,2025-08-19T16:53:21.683406,0
8267,4930.41,SG,2025-08-19T16:53:22.184524,0
8396,5837.96,SG,2025-08-19T16:53:22.685622,0
7606,5176.13,DEL,2025-08-19T16:53:23.187530,0
4233,7939.87,DXB,2025-08-19T16:53:23.689402,0
2158,3216.82,LDN,2025-08-19T16:53:24.191096,0
8566,7945.0,DXB,2025-08-19T16:53:24.692705,0
1173,3736.71,DEL,2025-08-19T16:53:25.194103,0
2164,2876.03,LDN,2025-08-19T16:53:25.695184,0
8879,3682.15,DEL,2025-08-19T16:53:26.196754,0
9015,6869.86,DEL,2025-08-19T16:53:26.698870,0
3883,6279.35,DEL,2025-08-19T16:53:27.200765,0
2763,5858.15,NY,2025-08-19T16:53:27.701670,0
6611,6509.69,NY,2025-08-19T16:53:28.202813,0
2465,649.28,NY,2025-08-19T16:53:28.704668,0
6078,6342.01,NY,2025-08-19T16:53:29.206223,0
7459,9751.18,NY,2025-08-19T16:53:29.707952,0
4040,6570.12,NY,2025-08-19T16:53:30.209656,0
9493,6663.66,NY,2025-08-19T16:53:30.710283,0
7042,8578.18,NY,2025-08-19T16:53:31.211274,0
6314,1101.6,DXB,2025-08-19T16:53:31.713336,0
3628,8971.58,DXB,2025-08-19T16:53:32.214301,0
7236,7766.67,DXB,2025-08-19T16:53:32.715651,0
8809,6734.47,DXB,2025-08-19T16:53:33.216958,0
1820,1291.42,LDN,2025-08-19T16:53:33.718539,0
7075,5692.17,DXB,2025-08-19T16:53:34.220095,0
3107,5132.53,SG,2025-08-19T16:53:34.722155,0
2430,2764.01,SG,2025-08-19T16:53:35.223688,0
7508,2801.8,DXB,2025-08-19T16:53:35.725168,0
5298,4511.71,LDN,2025-08-19T16:53:36.226767,0
3295,3293.61,DEL,2025-08-19T16:53:36.728483,0
3289,9321.46,DXB,2025-08-19T16:53:37.230253,0
7183,6212.95,NY,2025-08-19T16:53:37.731513,0
6110,5823.11,DXB,2025-08-19T16:53:38.233038,0
3886,4408.15,DEL,2025-08-19T16:53:38.735170,0
6622,9594.31,DXB,2025-08-19T16:53:39.236738,0
2811,5231.72,LDN,2025-08-19T16:53:39.737542,0
6425,5721.1,DXB,2025-08-19T16:53:40.239551,0
3118,8363.06,NY,2025-08-19T16:53:40.741817,0
5840,8593.1,DEL,2025-08-19T16:53:41.243659,0
4501,5086.57,DXB,2025-08-19T16:53:41.745559,0
1417,736.96,LDN,2025-08-19T16:53:42.247076,0
1881,7199.35,LDN,2025-08-19T16:53:42.748364,0
8190,2147.44,NY,2025-08-19T16:53:43.250293,0
7420,2730.01,SG,2025-08-19T16:53:43.751949,0
6768,6918.42,DXB,2025-08-19T16:53:44.253985,0
1018,3347.04,SG,2025-08-19T16:53:44.755751,0
1771,1139.28,LDN,2025-08-19T16:53:45.257724,0
7777,7649.67,DXB,2025-08-19T16:53:45.759251,0
6864,2073.52,LDN,2025-08-19T16:53:46.260198,0
9886,5527.99,LDN,2025-08-19T16:53:46.761611,0
8469,6788.21,DXB,2025-08-19T16:53:47.262890,0
1236,3851.42,NY,2025-08-19T16:53:47.763745,0
5509,889.82,LDN,2025-08-19T16:53:48.264537,0
6533,7623.58,NY,2025-08-19T16:53:48.765851,0
8695,1518.38,DEL,2025-08-19T16:53:49.266765,0
9939,9622.4,SG,2025-08-19T16:53:49.768696,0
4769,5181.48,LDN,2025-08-19T16:53:50.270681,0
8611,1172.48,DEL,2025-08-19T16:53:50.772947,0
1792,832.61,SG,2025-08-19T16:53:51.274687,0
5803,5409.98,SG,2025-08-19T16:53:51.775571,0
2852,2885.42,SG,2025-08-19T16:53:52.277212,0
8288,6215.04,SG,2025-08-19T16:53:52.778845,0
4867,1494.49,LDN,2025-08-19T16:53:53.279896,0
2343,1791.46,LDN,2025-08-19T16:53:53.780813,0
4108,382.1,LDN,2025-08-19T16:53:54.281918,0
1887,1589.68,DEL,2025-08-19T16:53:54.784094,0
9766,5381.67,DEL,2025-08-19T16:53:55.285158,0
3343,112.96,LDN,2025-08-19T16:53:55.788287,0
7281,4829.52,DXB,2025-08-19T16:53:56.289833,0
6567,4598.09,DXB,2025-08-19T16:53:56.791396,0
5388,1556.54,DXB,2025-08-19T16:53:57.293236,0
4891,9219.08,DEL,2025-08-19T16:53:57.795270,0
3177,3897.74,DEL,2025-08-19T16:53:58.296952,0
1601,7528.49,LDN,2025-08-19T16:53:58.798035,0
1384,6270.18,NY,2025-08-19T16:53:59.300177,0
4456,9455.66,SG,2025-08-19T16:53:59.801433,0
1724,8840.41,DEL,2025-08-19T16:54:00.302927,0
8866,8936.28,SG,2025-08-19T16:54:00.804971,0
5063,3466.26,LDN,2025-08-19T16:54:01.306894,0
8702,9161.61,DXB,2025-08-19T16:54:01.808480,0
6996,711.18,LDN,2025-08-19T16:54:02.310248,0
4378,1463.08,DEL,2025-08-19T16:54:02.811342,0
6961,2090.25,SG,2025-08-19T16:54:03.312712,0
3622,483.5,LDN,2025-08-19T16:54:03.815005,0
2013,6825.47,DXB,2025-08-19T16:54:04.316405,0
8143,8769.58,DXB,2025-08-19T16:54:04.818739,0
7333,3579.57,SG,2025-08-19T16:54:05.320627,0
5199,734.68,DEL,2025-08-19T16:54:05.822378,0
2096,4150.34,DXB,2025-08-19T16:54:06.324357,0
5714,9311.06,LDN,2025-08-19T16:54:06.826433,0
1461,3124.0,SG,2025-08-19T16:54:07.327786,0
3774,4535.17,DXB,2025-08-19T16:54:07.828759,0
3593,2813.25,SG,2025-08-19T16:54:08.330549,0
4870,329.19,DEL,2025-08-19T16:54:08.832091,0
8770,4356.22,SG,2025-08-19T16:54:09.333620,0
2707,7755.95,NY,2025-08-19T16:54:09.834622,0
2413,5849.85,SG,2025-08-19T16:54:10.336333,0
6365,1510.49,NY,2025-08-19T16:54:10.838105,0
5134,6876.83,NY,2025-08-19T16:54:11.339731,0
6135,846.69,LDN,2025-08-19T16:54:11.841198,0
8194,1723.9,DXB,2025-08-19T16:54:12.342353,0
9301,4747.88,NY,2025-08-19T16:54:12.843940,0
9011,5773.92,DEL,2025-08-19T16:54:13.345771,0
5518,6416.59,DEL,2025-08-19T16:54:13.847779,0
1909,7166.2,DEL,2025-08-19T16:54:14.349403,0
8129,437.24,DEL,2025-08-19T16:54:14.850996,0
3033,5402.25,SG,2025-08-19T16:54:15.353029,0
6787,8593.94,DEL,2025-08-19T16:54:15.854558,0
6010,5565.68,NY,2025-08-19T16:54:16.356845,0
9565,40.83,LDN,2025-08-19T16:54:16.858755,0
1046,7833.98,NY,2025-08-19T16:54:17.360508,0
3876,5681.26,LDN,2025-08-19T16:54:17.862280,0
7057,9966.61,SG,2025-08-19T16:54:18.364107,0
7158,8154.98,DXB,2025-08-19T16:54:18.866061,0
6106,2822.24,LDN,2025-08-19T16:54:19.368180,0
3687,1154.58,NY,2025-08-19T16:54:19.870266,0
3355,2183.61,DEL,2025-08-19T16:54:20.372196,0
6952,2363.85,LDN,2025-08-19T16:54:20.873776,0
4232,8911.45,NY,2025-08-19T16:54:21.375385,0
1073,4925.9,LDN,2025-08-19T16:54:21.876990,0
2733,4998.23,DXB,2025-08-19T16:54:22.378803,0
3768,611.37,DXB,2025-08-19T16:54:22.880544,0
5966,7622.61,DXB,2025-08-19T16:54:23.381590,0
4533,9586.82,DEL,2025-08-19T16:54:23.883664,0
4182,911.12,NY,2025-08-19T16:54:24.385864,0
3612,2914.64,NY,2025-08-19T16:54:24.886843,0
4238,9315.7,DEL,2025-08-19T16:54:25.388781,0
1636,7718.85,SG,2025-08-19T16:54:25.890160,0
8823,9983.46,DXB,2025-08-19T16:54:26.392174,0
7320,3430.25,LDN,2025-08-19T16:54:26.895172,0
1109,1391.41,SG,2025-08-19T16:54:27.396773,0
1890,641.09,DEL,2025-08-19T16:54:27.897836,0
4592,5028.83,NY,2025-08-19T16:54:28.399685,0
8090,7279.63,SG,2025-08-19T16:54:28.901513,0
7777,9291.69,LDN,2025-08-19T16:54:29.403046,0
3026,7663.8,SG,2025-08-19T16:54:29.905641,0
4282,9260.2,SG,2025-08-19T16:54:30.410903,0
5297,1643.29,NY,2025-08-19T16:54:30.912453,0
3815,3602.19,DEL,2025-08-19T16:54:31.414064,0
8499,894.6,SG,2025-08-19T16:54:31.916139,0
9364,8284.78,DEL,2025-08-19T16:54:32.417352,0
6596,4793.77,LDN,2025-08-19T16:54:32.918952,0
4254,5487.49,DXB,2025-08-19T16:54:33.421156,0
9966,8298.77,NY,2025-08-19T16:54:33.922832,0
4830,2235.0,SG,2025-08-19T16:54:34.423981,0
7512,9571.39,NY,2025-08-19T16:54:34.926055,0
6233,7945.92,LDN,2025-08-19T16:54:35.427981,0
9992,34.42,DXB,2025-08-19T16:54:35.929487,0
9596,3618.44,DEL,2025-08-19T16:54:36.431383,0
2038,4390.81,SG,2025-08-19T16:54:36.932530,0
4554,3065.55,SG,2025-08-19T16:54:37.434208,0
4274,722.91,NY,2025-08-19T16:54:37.936667,0
1881,5575.35,NY,2025-08-19T16:54:38.437813,0
9277,885.69,DXB,2025-08-19T16:54:38.939595,0
4321,3126.55,NY,2025-08-19T16:54:39.440822,0
7212,5828.44,DEL,2025-08-19T16:54:39.943381,0
5872,7855.09,SG,2025-08-19T16:54:40.445535,0
5225,3026.3,DEL,2025-08-19T16:54:40.947204,0
5294,5317.93,SG,2025-08-19T16:54:41.448562,0
1529,5175.9,DXB,2025-08-19T16:54:41.950587,0
5807,631.84,DXB,2025-08-19T16:54:42.452267,0
7748,7095.01,NY,2025-08-19T16:54:42.953999,0
4892,1701.41,SG,2025-08-19T16:54:43.454860,0
7631,6507.2,DEL,2025-08-19T16:54:43.956863,0
7884,5959.79,LDN,2025-08-19T16:54:44.458041,0
1100,1815.13,LDN,2025-08-19T16:54:44.959730,0
1332,6717.9,NY,2025-08-19T16:54:45.461306,0
1471,5632.51,SG,2025-08-19T16:54:45.963020,0
1875,9425.12,LDN,2025-08-19T16:54:46.464683,0
2329,2099.99,LDN,2025-08-19T16:54:46.966309,0
2615,9657.0,LDN,2025-08-19T16:54:47.468212,0
6204,4337.03,SG,2025-08-19T16:54:47.969731,0
5989,2245.84,DEL,2025-08-19T16:54:48.471407,0
4443,409.36,LDN,2025-08-19T16:54:48.973089,0
5676,3631.26,DEL,2025-08-19T16:54:49.474971,0
1231,8127.34,NY,2025-08-19T16:54:49.976964,0
8036,88.47,LDN,2025-08-19T16:54:50.478241,0
6473,5483.22,DEL,2025-08-19T16:54:50.979872,0
8128,2785.6,LDN,2025-08-19T16:54:51.481974,0
9775,8935.24,DXB,2025-08-19T16:54:51.983921,0
1044,916.0,DXB,2025-08-19T16:54:52.485696,0
6153,7354.27,SG,2025-08-19T16:54:52.987513,0
2455,136.72,SG,2025-08-19T16:54:53.489509,0
2362,1802.73,LDN,2025-08-19T16:54:53.991045,0
1199,7463.88,SG,2025-08-19T16:54:54.492967,0
7208,6062.28,SG,2025-08-19T16:54:54.995028,0
2082,4273.27,LDN,2025-08-19T16:54:55.496790,0
9693,2930.91,SG,2025-08-19T16:54:55.997807,0
2241,1822.18,DXB,2025-08-19T16:54:56.499637,0
7472,2775.59,DEL,2025-08-19T16:54:57.001312,0
7536,9174.96,LDN,2025-08-19T16:54:57.502303,0
3639,7733.7,NY,2025-08-19T16:54:58.004014,0
1105,6407.11,DXB,2025-08-19T16:54:58.506070,0
9462,1539.7,DXB,2025-08-19T16:54:59.007718,0
3055,1867.26,SG,2025-08-19T16:54:59.509373,0
2156,5276.08,NY,2025-08-19T16:55:00.011157,0
5043,2782.58,LDN,2025-08-19T16:55:00.513023,0
8715,1750.86,DXB,2025-08-19T16:55:01.014656,0
4469,4036.64,LDN,2025-08-19T16:55:01.515641,0
5729,9180.86,LDN,2025-08-19T16:55:02.017914,0
6017,8332.52,DEL,2025-08-19T16:55:02.520134,0
2745,3754.6,DEL,2025-08-19T16:55:03.022011,0
5093,9098.82,LDN,2025-08-19T16:55:03.524059,0
5465,949.92,SG,2025-08-19T16:55:04.026150,0
1253,7178.64,NY,2025-08-19T16:55:04.528105,0
4420,4560.77,NY,2025-08-19T16:55:05.030441,0
7678,2623.91,NY,2025-08-19T16:55:05.531998,0
9053,9712.59,LDN,2025-08-19T16:55:06.033610,0
9014,6529.71,DEL,2025-08-19T16:55:06.535651,0
3746,5578.03,LDN,2025-08-19T16:55:07.037894,0
5366,7768.02,LDN,2025-08-19T16:55:07.539597,0
9077,5354.76,LDN,2025-08-19T16:55:08.041743,0
7656,1477.52,DXB,2025-08-19T16:55:08.543846,0
3428,7731.34,DXB,2025-08-19T16:55:09.045527,0
4927,6771.04,DEL,2025-08-19T16:55:09.546962,0
3773,6928.31,NY,2025-08-19T16:55:10.048857,0
4344,1822.41,NY,2025-08-19T16:55:10.549693,0
9995,2891.76,LDN,2025-08-19T16:55:11.050670,0
9604,3056.66,DEL,2025-08-19T16:55:11.551985,0
9206,8180.66,SG,2025-08-19T16:55:12.053716,0
9757,1490.78,DEL,2025-08-19T16:55:12.555089,0
7460,3537.53,DEL,2025-08-19T16:55:13.057203,0
7098,8081.4,DEL,2025-08-19T16:55:13.558279,0
2826,2392.25,DXB,2025-08-19T16:55:14.060777,0
3363,2878.0,LDN,2025-08-19T16:55:14.563184,0
7343,3697.57,NY,2025-08-19T16:55:15.065759,0
5975,7705.24,DXB,2025-08-19T16:55:15.567330,0
9594,5770.05,LDN,2025-08-19T16:55:16.069222,0
1493,3934.98,DEL,2025-08-19T16:55:16.570902,0
5227,8862.43,DXB,2025-08-19T16:55:17.073223,0
9201,2280.34,DXB,2025-08-19T16:55:17.574170,0
2642,9490.24,NY,2025-08-19T16:55:18.075256,0
2876,1359.61,NY,2025-08-19T16:55:18.576397,0
1675,8923.25,LDN,2025-08-19T16:55:19.077766,0
6895,5368.78,DEL,2025-08-19T16:55:19.579402,0
7222,6906.52,LDN,2025-08-19T16:55:20.081342,0
7454,6000.81,SG,2025-08-19T16:55:20.582812,0
2195,8225.8,NY,2025-08-19T16:55:21.084638,0
9537,4639.68,SG,2025-08-19T16:55:21.586303,0
6126,5026.68,SG,2025-08-19T16:55:22.088211,0
5404,7276.62,DEL,2025-08-19T16:55:22.589359,0
3019,6203.39,DEL,2025-08-19T16:55:23.091610,0
5145,722.44,SG,2025-08-19T16:55:23.593469,0
5770,424.4,SG,2025-08-19T16:55:24.094202,0
5380,9372.91,SG,2025-08-19T16:55:24.595998,0
6699,9423.27,DXB,2025-08-19T16:55:25.097869,0
7910,3061.53,DXB,2025-08-19T16:55:25.599811,0
5542,1162.99,LDN,2025-08-19T16:55:26.100772,0
6034,4458.02,SG,2025-08-19T16:55:26.602150,0
2373,4989.69,DEL,2025-08-19T16:55:27.104109,0
5242,2160.56,LDN,2025-08-19T16:55:27.606088,0
7537,3869.6,LDN,2025-08-19T16:55:28.106994,0
9185,506.07,DXB,2025-08-19T16:55:28.608851,0
